fecha_union,genero_1,genero_2,comuna
2018-01-02,Masculino,Femenino,7
2018-01-02,Femenino,Masculino,7
2018-01-03,Masculino,Femenino,7
2018-01-03,Femenino,Masculino,12
2018-01-03,Masculino,Femenino,6
2018-01-04,Masculino,Femenino,8
2018-01-05,Masculino,Femenino,14
2018-01-08,Masculino,Femenino,1
2018-01-08,Masculino,Masculino,1
2018-01-08,Masculino,No declara,1
2018-01-08,Femenino,Masculino,5
2018-01-08,Masculino,Femenino,14
2018-01-08,Masculino,Femenino,6
2018-01-08,Masculino,Femenino,1
2018-01-08,Masculino,Femenino,1
2018-01-09,Femenino,Masculino,11
2018-01-09,Masculino,Femenino,1
2018-01-09,Masculino,Femenino,7
2018-01-09,Masculino,Femenino,12
2018-01-09,Femenino,Masculino,15
2018-01-09,Masculino,Femenino,1
2018-01-09,Masculino,Femenino,7
2018-01-09,Masculino,Femenino,7
2018-01-10,Masculino,Femenino,13
2018-01-10,Masculino,Femenino,13
2018-01-10,Masculino,Femenino,1
2018-01-10,Masculino,Femenino,1
2018-01-10,Masculino,Femenino,1
2018-01-10,Masculino,Femenino,8
2018-01-10,Masculino,Femenino,11
2018-01-10,Masculino,Femenino,1
2018-01-11,Masculino,Femenino,6
2018-01-11,Masculino,Femenino,15
2018-01-11,Masculino,Femenino,1
2018-01-11,Masculino,Femenino,14
2018-01-12,Masculino,Femenino,14
2018-01-15,Femenino,Masculino,7
2018-01-15,Masculino,Femenino,1
2018-01-16,Femenino,Masculino,5
2018-01-16,Masculino,Femenino,5
2018-01-17,Masculino,Femenino,13
2018-01-17,Masculino,Femenino,1
2018-01-17,Masculino,Masculino,1
2018-01-17,Masculino,Femenino,7
2018-01-17,Masculino,Femenino,7
2018-01-17,Masculino,Femenino,11
2018-01-18,Femenino,Masculino,12
2018-01-18,Masculino,Femenino,13
2018-01-18,Masculino,Femenino,6
2018-01-18,Masculino,Femenino,15
2018-01-19,Masculino,Femenino,14
2018-01-19,Masculino,Femenino,8
2018-01-22,Femenino,Masculino,11
2018-01-22,Femenino,Masculino,5
2018-01-22,Masculino,Femenino,6
2018-01-22,Masculino,Femenino,11
2018-01-22,Masculino,Femenino,11
2018-01-22,Masculino,Femenino,1
2018-01-22,Masculino,Femenino,1
2018-01-22,Masculino,Femenino,1
2018-01-22,Masculino,Femenino,1
2018-01-22,Masculino,Femenino,6
2018-01-22,Masculino,Femenino,1
2018-01-22,Masculino,Femenino,7
2018-01-22,Masculino,Femenino,4
2018-01-22,Masculino,Femenino,12
2018-01-23,Femenino,Masculino,7
2018-01-23,Femenino,Masculino,7
2018-01-23,Femenino,Masculino,7
2018-01-23,Femenino,Masculino,5
2018-01-23,Masculino,Femenino,1
2018-01-24,Femenino,Masculino,7
2018-01-24,Masculino,Femenino,6
2018-01-24,Masculino,Femenino,1
2018-01-24,Masculino,Femenino,6
2018-01-24,Masculino,Femenino,12
2018-01-24,Masculino,Femenino,1
2018-01-24,Masculino,Femenino,1
2018-01-24,Masculino,Femenino,14
2018-01-24,Masculino,Masculino,14
2018-01-24,Femenino,Masculino,15
2018-01-25,Masculino,Femenino,5
2018-01-25,Masculino,Femenino,5
2018-01-25,Masculino,Femenino,4
2018-01-25,Masculino,Femenino,2
2018-01-25,Masculino,Femenino,12
2018-01-25,Masculino,Femenino,5
2018-01-25,Masculino,Femenino,
2018-01-26,Femenino,Femenino,12
2018-01-26,Masculino,Femenino,1
2018-01-26,Masculino,Femenino,4
2018-01-26,Masculino,Femenino,14
2018-01-29,Femenino,Femenino,15
2018-01-29,Femenino,Masculino,12
2018-01-29,Masculino,Femenino,1
2018-01-29,Masculino,Femenino,1
2018-01-29,Masculino,Masculino,12
2018-01-29,Masculino,Femenino,1
2018-01-29,Masculino,Femenino,4
2018-01-30,Femenino,Femenino,7
2018-01-30,Femenino,Masculino,7
2018-01-30,Femenino,Masculino,5
2018-01-30,Masculino,Femenino,11
2018-01-30,Masculino,Femenino,6
2018-01-30,Masculino,Femenino,6
2018-01-30,Masculino,Femenino,14
2018-01-30,Masculino,Femenino,7
2018-01-30,Masculino,Masculino,1
2018-01-31,Femenino,Masculino,7
2018-01-31,Femenino,Masculino,5
2018-01-31,Masculino,Femenino,6
2018-01-31,Masculino,Femenino,6
2018-01-31,Masculino,Femenino,6
2018-01-31,Masculino,Femenino,1
2018-01-31,Masculino,Femenino,15
2018-01-31,Masculino,Femenino,1
2018-02-01,Masculino,Femenino,1
2018-02-01,Masculino,Femenino,1
2018-02-01,Masculino,Femenino,1
2018-02-01,Masculino,Femenino,1
2018-02-01,Masculino,Femenino,14
2018-02-01,Masculino,Femenino,5
2018-02-05,Femenino,Femenino,14
2018-02-05,Femenino,Masculino,11
2018-02-05,Femenino,Masculino,12
2018-02-05,Masculino,Femenino,6
2018-02-05,Masculino,Femenino,1
2018-02-05,Masculino,Femenino,1
2018-02-05,Masculino,Femenino,13
2018-02-05,Masculino,Femenino,4
2018-02-05,Masculino,Femenino,4
2018-02-05,Masculino,Masculino,1
2018-02-05,Masculino,Femenino,5
2018-02-06,Femenino,Masculino,15
2018-02-06,Femenino,Masculino,7
2018-02-06,Masculino,Femenino,1
2018-02-06,Masculino,Femenino,5
2018-02-06,Masculino,Femenino,5
2018-02-06,Masculino,Femenino,4
2018-02-07,Femenino,Masculino,13
2018-02-07,Femenino,Masculino,15
2018-02-07,Femenino,Masculino,12
2018-02-07,Masculino,Femenino,11
2018-02-07,Masculino,Femenino,1
2018-02-07,Masculino,Femenino,1
2018-02-07,Masculino,Femenino,1
2018-02-07,Masculino,Femenino,3
2018-02-08,Femenino,Femenino,4
2018-02-08,Masculino,Femenino,6
2018-02-08,Masculino,Femenino,6
2018-02-08,Masculino,Femenino,13
2018-02-08,Masculino,Femenino,13
2018-02-08,Masculino,Femenino,4
2018-02-08,Masculino,Femenino,8
2018-02-09,Masculino,Femenino,3
2018-02-09,Masculino,Femenino,6
2018-02-09,Masculino,Femenino,13
2018-02-14,Femenino,Masculino,15
2018-02-14,Femenino,Masculino,12
2018-02-14,Femenino,Masculino,15
2018-02-14,Femenino,Masculino,11
2018-02-14,Femenino,Masculino,13
2018-02-14,Masculino,Femenino,6
2018-02-14,Masculino,Femenino,1
2018-02-14,Masculino,Femenino,4
2018-02-14,Masculino,Femenino,1
2018-02-14,Masculino,Femenino,1
2018-02-14,Masculino,Femenino,1
2018-02-15,Femenino,Masculino,15
2018-02-15,Femenino,Masculino,3
2018-02-15,Masculino,Femenino,1
2018-02-15,Masculino,Femenino,15
2018-02-15,Masculino,Femenino,1
2018-02-15,Masculino,Femenino,1
2018-02-15,Masculino,Femenino,6
2018-02-16,Masculino,Femenino,13
2018-02-16,Femenino,Masculino,12
2018-02-19,Femenino,Masculino,7
2018-02-19,Masculino,Femenino,6
2018-02-19,Masculino,Femenino,7
2018-02-19,Masculino,Femenino,1
2018-02-19,Masculino,Femenino,1
2018-02-19,Masculino,Femenino,11
2018-02-19,Masculino,Femenino,3
2018-02-19,Masculino,Femenino,13
2018-02-19,Masculino,Femenino,4
2018-02-19,Masculino,Femenino,4
2018-02-20,Femenino,Masculino,7
2018-02-20,Femenino,Masculino,7
2018-02-20,Femenino,Masculino,7
2018-02-20,Masculino,Femenino,6
2018-02-20,Masculino,Femenino,15
2018-02-20,Masculino,Femenino,7
2018-02-20,Masculino,Masculino,1
2018-02-20,Masculino,Femenino,1
2018-02-20,Masculino,Femenino,13
2018-02-20,Masculino,Masculino,14
2018-02-21,Femenino,Masculino,15
2018-02-21,Masculino,Femenino,1
2018-02-21,Masculino,Femenino,1
2018-02-21,Masculino,Femenino,1
2018-02-21,Masculino,Femenino,11
2018-02-22,Femenino,Femenino,6
2018-02-22,Femenino,Masculino,12
2018-02-22,Masculino,Femenino,6
2018-02-22,Masculino,Femenino,1
2018-02-22,Masculino,Masculino,13
2018-02-23,Masculino,Femenino,4
2018-02-23,Masculino,Femenino,2
2018-02-23,Masculino,Femenino,4
2018-02-23,Masculino,Femenino,15
2018-02-23,Masculino,Femenino,1
2018-02-26,Femenino,Masculino,5
2018-02-26,Masculino,Femenino,1
2018-02-26,Masculino,Femenino,11
2018-02-26,Masculino,Femenino,7
2018-02-26,Masculino,Femenino,1
2018-02-26,Masculino,Femenino,1
2018-02-26,Masculino,Femenino,1
2018-02-26,Masculino,Femenino,14
2018-02-26,Masculino,Femenino,8
2018-02-26,Masculino,Masculino,14
2018-02-27,Femenino,Masculino,7
2018-02-27,Femenino,Masculino,12
2018-02-27,Masculino,Femenino,5
2018-02-27,Masculino,Femenino,7
2018-02-27,Masculino,Femenino,1
2018-02-27,Masculino,Femenino,1
2018-02-27,Masculino,Femenino,1
2018-02-27,Masculino,Femenino,1
2018-02-27,Masculino,Femenino,7
2018-02-28,Masculino,Femenino,6
2018-02-28,Masculino,Femenino,15
2018-02-28,Masculino,Femenino,1
2018-02-28,Masculino,Femenino,8
2018-02-28,Masculino,Masculino,1
2018-03-01,Masculino,Femenino,6
2018-03-01,Masculino,Femenino,13
2018-03-01,Masculino,Femenino,14
2018-03-01,Masculino,Femenino,13
2018-03-02,Masculino,Femenino,13
2018-03-05,Femenino,Femenino,5
2018-03-05,Femenino,Masculino,7
2018-03-05,Femenino,Masculino,7
2018-03-05,Femenino,Masculino,12
2018-03-05,Masculino,Femenino,11
2018-03-05,Masculino,Femenino,4
2018-03-05,Masculino,Femenino,4
2018-03-05,Masculino,Femenino,1
2018-03-05,Masculino,Femenino,1
2018-03-05,Masculino,Femenino,1
2018-03-05,Masculino,Femenino,1
2018-03-05,Masculino,Femenino,7
2018-03-06,Femenino,Masculino,15
2018-03-06,Femenino,Masculino,11
2018-03-06,Femenino,Masculino,12
2018-03-06,Masculino,Femenino,6
2018-03-06,Masculino,Femenino,1
2018-03-06,Masculino,Femenino,1
2018-03-06,Masculino,Femenino,7
2018-03-06,Masculino,Femenino,14
2018-03-06,Masculino,Femenino,11
2018-03-06,Masculino,Femenino,14
2018-03-07,Femenino,Masculino,15
2018-03-07,Femenino,Masculino,11
2018-03-07,Femenino,Masculino,11
2018-03-07,Masculino,Femenino,4
2018-03-07,Masculino,Femenino,1
2018-03-07,Masculino,Femenino,1
2018-03-08,Masculino,Femenino,1
2018-03-08,Masculino,Femenino,14
2018-03-08,Masculino,Femenino,14
2018-03-08,Masculino,Masculino,15
2018-03-09,Femenino,Masculino,3
2018-03-09,Masculino,Femenino,13
2018-03-09,Masculino,Femenino,14
2018-03-09,Masculino,Femenino,7
2018-03-09,Masculino,Masculino,2
2018-03-09,Masculino,Masculino,14
2018-03-09,Masculino,Masculino,
2018-03-12,Femenino,Masculino,7
2018-03-12,Femenino,Masculino,7
2018-03-12,Femenino,Masculino,12
2018-03-12,Masculino,Femenino,15
2018-03-12,Masculino,Femenino,6
2018-03-12,Masculino,Femenino,1
2018-03-12,Masculino,Femenino,1
2018-03-12,Masculino,Femenino,1
2018-03-12,Masculino,Femenino,1
2018-03-12,Masculino,Femenino,1
2018-03-13,Femenino,Masculino,7
2018-03-13,Masculino,Femenino,6
2018-03-13,Masculino,Femenino,13
2018-03-13,Masculino,Femenino,1
2018-03-13,Masculino,Femenino,2
2018-03-13,Masculino,Femenino,14
2018-03-13,Masculino,Femenino,12
2018-03-13,Masculino,Masculino,11
2018-03-14,Femenino,Masculino,15
2018-03-14,Femenino,Masculino,7
2018-03-14,Femenino,Masculino,12
2018-03-14,Masculino,Femenino,15
2018-03-14,Masculino,Femenino,15
2018-03-14,Masculino,Femenino,15
2018-03-14,Masculino,Femenino,11
2018-03-14,Masculino,Femenino,2
2018-03-14,Masculino,Femenino,1
2018-03-14,Masculino,Femenino,12
2018-03-14,Masculino,Femenino,14
2018-03-14,Masculino,Masculino,14
2018-03-14,Masculino,Masculino,15
2018-03-15,Masculino,Femenino,13
2018-03-15,Masculino,Femenino,1
2018-03-15,Masculino,Femenino,13
2018-03-15,Masculino,Femenino,1
2018-03-15,Masculino,Masculino,2
2018-03-16,Femenino,Masculino,13
2018-03-16,Masculino,Femenino,6
2018-03-16,Masculino,Femenino,13
2018-03-16,Masculino,Masculino,14
2018-03-19,Masculino,Femenino,11
2018-03-19,Masculino,Femenino,7
2018-03-19,Masculino,Femenino,4
2018-03-19,Masculino,Femenino,1
2018-03-19,Masculino,Femenino,1
2018-03-19,Masculino,Femenino,8
2018-03-19,Masculino,Masculino,6
2018-03-20,Femenino,Masculino,7
2018-03-20,Femenino,Masculino,13
2018-03-20,Femenino,Masculino,5
2018-03-20,Masculino,Femenino,6
2018-03-20,Masculino,Femenino,7
2018-03-20,Masculino,Femenino,1
2018-03-20,Masculino,Femenino,1
2018-03-20,Masculino,Femenino,1
2018-03-20,No declara,Femenino,14
2018-03-20,Femenino,Masculino,7
2018-03-20,Femenino,Masculino,7
2018-03-21,Femenino,Masculino,7
2018-03-21,Masculino,Femenino,1
2018-03-21,Masculino,Femenino,1
2018-03-21,Masculino,Femenino,1
2018-03-21,Masculino,Femenino,1
2018-03-21,Masculino,Femenino,1
2018-03-21,Masculino,Femenino,5
2018-03-21,Masculino,Femenino,13
2018-03-21,Masculino,Femenino,12
2018-03-21,Masculino,Femenino,1
2018-03-21,Masculino,Femenino,13
2018-03-22,Masculino,Femenino,2
2018-03-22,Masculino,Femenino,13
2018-03-22,Masculino,Femenino,6
2018-03-23,Masculino,Masculino,14
2018-03-26,Femenino,Masculino,15
2018-03-26,Femenino,Masculino,7
2018-03-26,Femenino,Masculino,3
2018-03-26,Femenino,Masculino,13
2018-03-26,Masculino,Femenino,6
2018-03-26,Masculino,Femenino,4
2018-03-26,Masculino,Femenino,1
2018-03-26,Masculino,Femenino,1
2018-03-27,Femenino,Femenino,7
2018-03-27,Femenino,Masculino,15
2018-03-27,Femenino,Masculino,7
2018-03-27,Masculino,Femenino,1
2018-03-27,Masculino,Femenino,1
2018-03-27,Masculino,Femenino,1
2018-03-27,Masculino,Femenino,1
2018-03-27,Masculino,Femenino,14
2018-03-27,Masculino,Femenino,4
2018-03-27,Masculino,Masculino,5
2018-03-28,Femenino,Femenino,7
2018-03-28,Femenino,Femenino,1
2018-03-28,Femenino,Masculino,7
2018-03-28,Femenino,Masculino,15
2018-03-28,Masculino,Femenino,15
2018-03-28,Masculino,Femenino,1
2018-03-28,Masculino,Femenino,1
2018-03-28,Masculino,Femenino,14
2018-03-28,Masculino,Femenino,12
2018-03-28,Masculino,Femenino,12
2018-03-28,Masculino,Masculino,12
2018-04-03,Femenino,Femenino,13
2018-04-03,Femenino,Masculino,12
2018-04-03,Masculino,Femenino,1
2018-04-03,Masculino,Femenino,7
2018-04-03,Masculino,Femenino,4
2018-04-03,Masculino,Femenino,1
2018-04-03,Masculino,Masculino,1
2018-04-03,Masculino,Femenino,7
2018-04-03,Femenino,Masculino,15
2018-04-04,Femenino,Masculino,7
2018-04-04,Masculino,Femenino,1
2018-04-04,Masculino,Femenino,1
2018-04-04,Masculino,Femenino,1
2018-04-04,Masculino,Femenino,1
2018-04-04,Masculino,Femenino,1
2018-04-04,Masculino,Femenino,1
2018-04-04,Masculino,Femenino,1
2018-04-04,Masculino,Masculino,1
2018-04-04,Masculino,Femenino,15
2018-04-05,Masculino,Femenino,6
2018-04-05,Masculino,Femenino,14
2018-04-05,Masculino,Femenino,13
2018-04-05,Masculino,Femenino,8
2018-04-06,Femenino,Femenino,14
2018-04-06,Masculino,Femenino,1
2018-04-06,Masculino,Femenino,13
2018-04-06,Masculino,Femenino,13
2018-04-09,Femenino,Masculino,15
2018-04-09,Masculino,Femenino,1
2018-04-09,Masculino,Femenino,1
2018-04-09,Masculino,Femenino,1
2018-04-09,Masculino,Femenino,1
2018-04-09,Masculino,Femenino,7
2018-04-09,Masculino,Femenino,13
2018-04-09,Masculino,Femenino,12
2018-04-10,Femenino,Masculino,15
2018-04-10,Femenino,Masculino,7
2018-04-10,Femenino,Masculino,5
2018-04-10,Masculino,Femenino,11
2018-04-10,Masculino,Femenino,13
2018-04-10,Masculino,Femenino,14
2018-04-10,Masculino,Femenino,14
2018-04-10,Masculino,Femenino,7
2018-04-10,Masculino,Femenino,7
2018-04-10,Masculino,Femenino,7
2018-04-10,Masculino,Femenino,14
2018-04-10,Masculino,Femenino,8
2018-04-10,Masculino,Femenino,4
2018-04-11,Femenino,Masculino,7
2018-04-11,Femenino,Masculino,12
2018-04-11,Femenino,Masculino,12
2018-04-11,Masculino,Femenino,6
2018-04-11,Masculino,Femenino,1
2018-04-11,Masculino,Femenino,1
2018-04-11,Masculino,Femenino,1
2018-04-11,Masculino,Femenino,1
2018-04-11,Masculino,Femenino,11
2018-04-11,Masculino,Femenino,11
2018-04-11,Masculino,Femenino,1
2018-04-11,Masculino,Femenino,7
2018-04-11,Masculino,Femenino,7
2018-04-11,Masculino,Femenino,2
2018-04-11,Masculino,Masculino,12
2018-04-12,Masculino,Femenino,15
2018-04-12,Masculino,Femenino,2
2018-04-12,Masculino,Femenino,15
2018-04-13,Femenino,Masculino,11
2018-04-13,Masculino,Femenino,15
2018-04-16,Femenino,Masculino,11
2018-04-16,Masculino,Femenino,6
2018-04-16,Masculino,Femenino,1
2018-04-16,Masculino,Femenino,1
2018-04-16,Masculino,Femenino,8
2018-04-16,Masculino,Masculino,14
2018-04-16,Masculino,Masculino,1
2018-04-17,Masculino,Femenino,1
2018-04-17,Masculino,Femenino,1
2018-04-17,Masculino,Femenino,1
2018-04-17,Masculino,Femenino,7
2018-04-17,Masculino,Femenino,4
2018-04-17,Masculino,Femenino,7
2018-04-18,Femenino,Masculino,7
2018-04-18,Masculino,Femenino,13
2018-04-18,Masculino,Femenino,7
2018-04-18,Masculino,Femenino,7
2018-04-18,Masculino,Femenino,4
2018-04-18,Masculino,Femenino,2
2018-04-18,Masculino,Femenino,12
2018-04-18,Masculino,Femenino,12
2018-04-18,Masculino,No declara,5
2018-04-19,Femenino,Masculino,3
2018-04-19,Femenino,Masculino,12
2018-04-19,Masculino,Femenino,6
2018-04-19,Masculino,Femenino,13
2018-04-19,Masculino,Femenino,12
2018-04-19,Masculino,No declara,11
2018-04-20,Masculino,Femenino,13
2018-04-20,Masculino,Femenino,12
2018-04-20,Masculino,Femenino,12
2018-04-23,Femenino,Masculino,11
2018-04-23,Femenino,Masculino,12
2018-04-23,Femenino,Masculino,5
2018-04-23,Masculino,Femenino,1
2018-04-23,Masculino,Femenino,1
2018-04-23,Masculino,Femenino,1
2018-04-23,Masculino,Femenino,14
2018-04-23,Masculino,Femenino,1
2018-04-23,Masculino,Femenino,1
2018-04-23,Masculino,Femenino,6
2018-04-24,Femenino,Masculino,11
2018-04-24,Femenino,Masculino,7
2018-04-24,Femenino,Masculino,5
2018-04-24,Femenino,Masculino,12
2018-04-24,Masculino,Femenino,6
2018-04-24,Masculino,Femenino,6
2018-04-24,Masculino,Femenino,7
2018-04-25,Femenino,Masculino,7
2018-04-25,Masculino,Femenino,1
2018-04-25,Masculino,Femenino,1
2018-04-25,Masculino,Femenino,1
2018-04-25,Masculino,Femenino,13
2018-04-25,Masculino,Femenino,6
2018-04-25,Masculino,Femenino,7
2018-04-25,Masculino,Femenino,7
2018-04-25,Masculino,Femenino,1
2018-04-25,Masculino,Femenino,15
2018-04-25,Masculino,Femenino,5
2018-04-25,Masculino,Femenino,8
2018-04-25,Masculino,Femenino,4
2018-04-25,Masculino,Femenino,1
2018-04-26,Femenino,Masculino,7
2018-04-26,Femenino,Masculino,12
2018-04-26,Masculino,Femenino,5
2018-04-26,Masculino,Femenino,4
2018-04-26,Masculino,Masculino,1
2018-04-27,Femenino,Masculino,13
2018-04-27,Femenino,Masculino,7
2018-04-27,Femenino,Masculino,15
2018-04-27,Femenino,Masculino,3
2018-04-27,Masculino,Femenino,13
2018-04-27,Masculino,Femenino,1
2018-04-27,Masculino,Femenino,14
2018-04-27,Masculino,Femenino,14
2018-05-02,Femenino,Femenino,14
2018-05-02,Femenino,Masculino,13
2018-05-02,Masculino,Femenino,6
2018-05-02,Masculino,Femenino,1
2018-05-02,Masculino,Femenino,11
2018-05-02,Masculino,Femenino,7
2018-05-02,Masculino,Femenino,13
2018-05-02,Masculino,Femenino,7
2018-05-02,Masculino,Femenino,5
2018-05-02,Masculino,Femenino,7
2018-05-02,Masculino,Femenino,13
2018-05-02,Masculino,Femenino,7
2018-05-03,Masculino,Femenino,14
2018-05-03,Masculino,Femenino,5
2018-05-03,Masculino,Femenino,15
2018-05-03,Masculino,Femenino,4
2018-05-04,Femenino,Masculino,15
2018-05-04,Femenino,Masculino,12
2018-05-04,Masculino,Femenino,1
2018-05-04,Masculino,Femenino,3
2018-05-04,Masculino,Femenino,4
2018-05-04,Masculino,Femenino,15
2018-05-07,Femenino,Masculino,15
2018-05-07,Masculino,Femenino,1
2018-05-07,Masculino,Femenino,1
2018-05-07,Masculino,Femenino,1
2018-05-07,Masculino,Femenino,7
2018-05-07,Masculino,Femenino,11
2018-05-07,Masculino,Femenino,4
2018-05-08,Femenino,Femenino,14
2018-05-08,Masculino,Femenino,1
2018-05-08,Masculino,Femenino,1
2018-05-08,Masculino,Femenino,1
2018-05-08,Masculino,Femenino,15
2018-05-08,Masculino,Femenino,13
2018-05-08,Masculino,Femenino,11
2018-05-09,Femenino,Femenino,12
2018-05-09,Femenino,Masculino,13
2018-05-09,Femenino,Masculino,13
2018-05-09,Femenino,Masculino,13
2018-05-09,Masculino,Femenino,7
2018-05-09,Masculino,Femenino,7
2018-05-09,Masculino,Femenino,1
2018-05-09,Masculino,Femenino,1
2018-05-09,Masculino,Femenino,5
2018-05-09,Masculino,Femenino,8
2018-05-10,Masculino,Femenino,7
2018-05-10,Masculino,Femenino,14
2018-05-10,Masculino,Femenino,14
2018-05-10,Masculino,Femenino,4
2018-05-11,Femenino,Masculino,13
2018-05-14,Femenino,Masculino,11
2018-05-14,Femenino,Masculino,7
2018-05-14,Femenino,Masculino,5
2018-05-14,Masculino,Femenino,1
2018-05-14,Masculino,Femenino,1
2018-05-14,Masculino,Femenino,15
2018-05-14,Masculino,Femenino,1
2018-05-14,Masculino,Femenino,1
2018-05-14,Masculino,Femenino,11
2018-05-14,Masculino,Femenino,5
2018-05-14,Masculino,Masculino,1
2018-05-14,Masculino,Masculino,1
2018-05-14,Femenino,Masculino,7
2018-05-15,Femenino,Masculino,5
2018-05-15,Masculino,Femenino,1
2018-05-15,Masculino,Femenino,14
2018-05-15,Masculino,Femenino,1
2018-05-15,Masculino,Femenino,7
2018-05-15,Masculino,Femenino,1
2018-05-16,Femenino,Masculino,12
2018-05-16,Masculino,Femenino,6
2018-05-16,Masculino,Femenino,1
2018-05-16,Masculino,Femenino,1
2018-05-16,Masculino,Femenino,1
2018-05-16,Masculino,Femenino,11
2018-05-16,Masculino,Femenino,1
2018-05-16,Masculino,Femenino,12
2018-05-16,Masculino,Femenino,5
2018-05-16,Masculino,Femenino,14
2018-05-16,Masculino,Masculino,6
2018-05-17,Femenino,Femenino,13
2018-05-17,Masculino,Femenino,6
2018-05-17,Masculino,Femenino,1
2018-05-17,Masculino,Femenino,1
2018-05-18,Femenino,Masculino,12
2018-05-18,Masculino,Femenino,13
2018-05-18,Masculino,Femenino,13
2018-05-18,Masculino,Femenino,13
2018-05-18,Masculino,Femenino,12
2018-05-21,Masculino,Femenino,6
2018-05-21,Masculino,Femenino,7
2018-05-21,Masculino,Femenino,11
2018-05-21,Masculino,Femenino,5
2018-05-21,Masculino,Femenino,11
2018-05-22,Femenino,Masculino,7
2018-05-22,Femenino,Masculino,15
2018-05-22,Femenino,Masculino,15
2018-05-22,Masculino,Femenino,6
2018-05-22,Masculino,Femenino,11
2018-05-22,Masculino,Femenino,7
2018-05-22,Masculino,Femenino,6
2018-05-22,Masculino,Femenino,14
2018-05-22,Masculino,Femenino,5
2018-05-23,Femenino,Masculino,3
2018-05-23,Masculino,Femenino,14
2018-05-23,Masculino,Femenino,1
2018-05-23,Masculino,Femenino,1
2018-05-23,Masculino,Femenino,1
2018-05-24,Femenino,Femenino,12
2018-05-24,Femenino,Masculino,13
2018-05-24,Femenino,Masculino,7
2018-05-24,Masculino,Femenino,1
2018-05-24,Masculino,Femenino,15
2018-05-24,Masculino,Femenino,6
2018-05-24,Masculino,Femenino,13
2018-05-24,Masculino,Femenino,14
2018-05-24,Masculino,Femenino,1
2018-05-28,Femenino,Masculino,7
2018-05-28,Femenino,Masculino,7
2018-05-28,Masculino,Femenino,1
2018-05-28,Masculino,Femenino,1
2018-05-28,Masculino,Femenino,15
2018-05-28,Masculino,Femenino,5
2018-05-28,Masculino,Femenino,1
2018-05-28,Masculino,Femenino,1
2018-05-28,Masculino,Femenino,1
2018-05-28,Masculino,Femenino,4
2018-05-29,Masculino,Femenino,11
2018-05-29,Masculino,Femenino,1
2018-05-29,Masculino,Femenino,4
2018-05-30,Femenino,Masculino,7
2018-05-30,Femenino,Masculino,7
2018-05-30,Masculino,Femenino,1
2018-05-30,Masculino,Femenino,7
2018-05-30,Masculino,Femenino,1
2018-05-30,Masculino,Femenino,1
2018-05-30,No declara,Masculino,11
2018-05-30,Masculino,Femenino,11
2018-05-30,Femenino,Masculino,11
2018-05-31,Femenino,Masculino,12
2018-05-31,Masculino,Femenino,1
2018-05-31,Masculino,Femenino,6
2018-05-31,Masculino,Femenino,14
2018-05-31,Masculino,Femenino,4
2018-06-01,Femenino,Masculino,13
2018-06-01,Femenino,No declara,12
2018-06-01,Masculino,Femenino,15
2018-06-01,Masculino,Femenino,13
2018-06-01,Masculino,Femenino,14
2018-06-01,Masculino,Femenino,12
2018-06-01,Masculino,Femenino,4
2018-06-04,Femenino,Masculino,7
2018-06-04,Femenino,Masculino,7
2018-06-04,Masculino,Femenino,7
2018-06-04,Masculino,Femenino,15
2018-06-04,Masculino,Femenino,1
2018-06-04,Masculino,Femenino,7
2018-06-04,Masculino,Femenino,4
2018-06-04,Masculino,Femenino,1
2018-06-04,Masculino,Masculino,1
2018-06-05,Masculino,Femenino,1
2018-06-05,Masculino,Femenino,1
2018-06-05,Masculino,Femenino,4
2018-06-05,Masculino,Masculino,11
2018-06-05,Masculino,Masculino,5
2018-06-06,Femenino,Femenino,6
2018-06-06,Masculino,Femenino,6
2018-06-06,Masculino,Femenino,1
2018-06-06,Masculino,Femenino,7
2018-06-06,Masculino,Femenino,7
2018-06-06,Masculino,Femenino,5
2018-06-06,Masculino,Masculino,1
2018-06-06,Masculino,No declara,12
2018-06-06,Femenino,Masculino,11
2018-06-07,Masculino,Femenino,2
2018-06-07,Masculino,Femenino,5
2018-06-07,Masculino,Masculino,13
2018-06-08,Femenino,Masculino,7
2018-06-08,Femenino,Masculino,12
2018-06-08,Masculino,Femenino,4
2018-06-11,Femenino,Masculino,7
2018-06-11,Femenino,Masculino,11
2018-06-11,Femenino,Masculino,11
2018-06-11,Masculino,Femenino,1
2018-06-11,Masculino,Femenino,1
2018-06-11,Masculino,Femenino,11
2018-06-11,Masculino,Femenino,15
2018-06-11,Masculino,Femenino,14
2018-06-11,Masculino,Femenino,8
2018-06-12,Femenino,Masculino,13
2018-06-12,Femenino,Masculino,5
2018-06-12,Masculino,Femenino,1
2018-06-12,Masculino,Femenino,1
2018-06-12,Masculino,Femenino,4
2018-06-12,Masculino,Femenino,5
2018-06-12,Masculino,Femenino,8
2018-06-12,Masculino,Femenino,12
2018-06-12,No declara,Femenino,12
2018-06-13,Femenino,Masculino,13
2018-06-13,Femenino,Masculino,12
2018-06-13,Masculino,Femenino,1
2018-06-13,Masculino,Femenino,7
2018-06-13,Masculino,Femenino,1
2018-06-13,Masculino,Femenino,13
2018-06-13,Masculino,Femenino,1
2018-06-13,Masculino,Femenino,1
2018-06-13,Masculino,Femenino,14
2018-06-13,Masculino,Femenino,15
2018-06-13,Masculino,Masculino,1
2018-06-14,Femenino,Femenino,8
2018-06-14,Masculino,Femenino,6
2018-06-14,Masculino,Femenino,6
2018-06-14,Masculino,Femenino,6
2018-06-14,Masculino,Femenino,1
2018-06-14,Masculino,Femenino,8
2018-06-14,Masculino,Femenino,14
2018-06-14,Masculino,Masculino,11
2018-06-14,Masculino,Masculino,8
2018-06-15,Masculino,Femenino,14
2018-06-15,Masculino,Femenino,13
2018-06-18,Femenino,Masculino,7
2018-06-18,Femenino,Masculino,11
2018-06-18,Femenino,Masculino,15
2018-06-18,Masculino,Femenino,2
2018-06-18,Masculino,Femenino,1
2018-06-18,Masculino,Femenino,7
2018-06-18,Masculino,Femenino,13
2018-06-18,Masculino,Femenino,1
2018-06-18,Masculino,Femenino,11
2018-06-18,Masculino,Femenino,5
2018-06-18,Masculino,Femenino,5
2018-06-18,Masculino,Femenino,1
2018-06-18,Masculino,Femenino,2
2018-06-19,Femenino,Masculino,7
2018-06-19,Femenino,Masculino,7
2018-06-19,Femenino,Masculino,7
2018-06-19,Femenino,Masculino,12
2018-06-19,Masculino,Femenino,6
2018-06-19,Masculino,Femenino,11
2018-06-19,Masculino,Femenino,6
2018-06-19,Masculino,Femenino,13
2018-06-19,Masculino,Femenino,1
2018-06-19,Masculino,Masculino,1
2018-06-19,Masculino,Masculino,14
2018-06-21,Femenino,Femenino,15
2018-06-21,Femenino,Masculino,15
2018-06-21,Masculino,Femenino,6
2018-06-21,Masculino,Femenino,6
2018-06-21,Masculino,Femenino,6
2018-06-22,Femenino,Masculino,15
2018-06-22,Femenino,Masculino,15
2018-06-22,Masculino,Femenino,2
2018-06-22,Masculino,Femenino,13
2018-06-22,Masculino,Femenino,13
2018-06-22,Masculino,Femenino,14
2018-06-22,Masculino,Femenino,14
2018-06-22,Masculino,Femenino,5
2018-06-26,Femenino,Masculino,15
2018-06-26,Femenino,Masculino,13
2018-06-26,Femenino,Masculino,13
2018-06-26,Femenino,Masculino,7
2018-06-26,Femenino,Masculino,7
2018-06-26,Femenino,Masculino,3
2018-06-26,Femenino,Masculino,3
2018-06-26,Femenino,Masculino,12
2018-06-26,Masculino,Femenino,13
2018-06-26,Masculino,Femenino,7
2018-06-26,Masculino,Femenino,7
2018-06-26,Masculino,Femenino,1
2018-06-26,Masculino,Femenino,3
2018-06-27,Femenino,Masculino,7
2018-06-27,Femenino,Masculino,7
2018-06-27,Masculino,Femenino,1
2018-06-27,Masculino,Femenino,1
2018-06-27,Masculino,Femenino,14
2018-06-27,Masculino,Femenino,1
2018-06-27,Masculino,Femenino,14
2018-06-27,Masculino,Femenino,5
2018-06-27,Masculino,Femenino,1
2018-06-27,Masculino,Femenino,1
2018-06-27,Masculino,Femenino,1
2018-06-28,Femenino,Masculino,13
2018-06-28,Femenino,Masculino,7
2018-06-28,Femenino,Masculino,13
2018-06-28,Femenino,Masculino,13
2018-06-28,Femenino,Masculino,15
2018-06-28,Masculino,Femenino,1
2018-06-28,Masculino,Femenino,6
2018-06-28,Masculino,Femenino,1
2018-06-28,Masculino,Femenino,11
2018-06-28,Masculino,Femenino,14
2018-06-28,Masculino,Femenino,3
2018-06-29,Femenino,Masculino,12
2018-06-29,Masculino,Femenino,1
2018-06-29,Masculino,Femenino,12
2018-06-29,Masculino,Femenino,15
2018-06-29,Masculino,Masculino,14
2018-06-29,Masculino,Masculino,14
2018-07-02,Femenino,Masculino,7
2018-07-02,Femenino,Masculino,7
2018-07-02,Masculino,Femenino,1
2018-07-02,Masculino,Femenino,1
2018-07-02,Masculino,Femenino,1
2018-07-02,Masculino,Femenino,1
2018-07-02,Masculino,Femenino,1
2018-07-02,Masculino,Femenino,1
2018-07-02,Masculino,Femenino,1
2018-07-02,Masculino,Femenino,1
2018-07-02,Masculino,Femenino,5
2018-07-02,Masculino,Masculino,1
2018-07-03,Femenino,Femenino,1
2018-07-03,Femenino,Masculino,7
2018-07-03,Masculino,Femenino,1
2018-07-03,Masculino,Femenino,1
2018-07-03,Masculino,Femenino,15
2018-07-03,Masculino,Femenino,1
2018-07-03,Masculino,Femenino,1
2018-07-03,Masculino,Femenino,11
2018-07-03,Masculino,Masculino,13
2018-07-04,Masculino,Femenino,1
2018-07-04,Masculino,Femenino,5
2018-07-04,Masculino,Femenino,1
2018-07-05,Masculino,Femenino,15
2018-07-05,Masculino,Femenino,4
2018-07-06,Femenino,Masculino,15
2018-07-06,Masculino,Femenino,14
2018-07-06,Masculino,Femenino,4
2018-07-06,Masculino,Masculino,14
2018-07-10,Femenino,Masculino,7
2018-07-10,Masculino,Femenino,1
2018-07-10,Masculino,Femenino,1
2018-07-10,Masculino,Femenino,1
2018-07-10,Masculino,Femenino,3
2018-07-10,Masculino,Femenino,1
2018-07-11,Femenino,Femenino,1
2018-07-11,Femenino,Masculino,7
2018-07-11,Masculino,Femenino,6
2018-07-11,Masculino,Femenino,13
2018-07-11,Masculino,Femenino,7
2018-07-11,Masculino,Femenino,1
2018-07-11,Masculino,Femenino,15
2018-07-11,Masculino,Masculino,1
2018-07-11,Masculino,Masculino,1
2018-07-11,Masculino,Masculino,1
2018-07-12,Femenino,Femenino,13
2018-07-12,Femenino,Masculino,15
2018-07-12,Femenino,Masculino,15
2018-07-12,Femenino,Masculino,5
2018-07-12,Femenino,Masculino,12
2018-07-12,Femenino,Masculino,12
2018-07-12,Masculino,Femenino,3
2018-07-12,Masculino,Femenino,12
2018-07-13,Masculino,Femenino,14
2018-07-13,Masculino,Femenino,1
2018-07-13,Masculino,Masculino,13
2018-07-16,Femenino,Masculino,13
2018-07-16,Femenino,Masculino,5
2018-07-16,Femenino,Masculino,7
2018-07-16,Femenino,Masculino,7
2018-07-16,Masculino,Femenino,13
2018-07-16,Masculino,Femenino,7
2018-07-16,Masculino,Femenino,15
2018-07-16,Masculino,Femenino,13
2018-07-16,Masculino,Femenino,1
2018-07-16,Masculino,Femenino,4
2018-07-16,Masculino,Femenino,6
2018-07-16,Masculino,Femenino,6
2018-07-16,Masculino,Femenino,1
2018-07-16,Masculino,Femenino,1
2018-07-16,Masculino,Femenino,7
2018-07-16,Masculino,Masculino,1
2018-07-17,Masculino,Femenino,1
2018-07-17,Masculino,Femenino,1
2018-07-17,Masculino,Femenino,1
2018-07-17,Masculino,Femenino,7
2018-07-18,Femenino,Femenino,4
2018-07-18,Masculino,Femenino,1
2018-07-18,Masculino,Femenino,1
2018-07-18,Masculino,Femenino,1
2018-07-18,Masculino,Femenino,1
2018-07-18,Masculino,Femenino,3
2018-07-18,Masculino,Femenino,13
2018-07-18,Masculino,Femenino,1
2018-07-19,Femenino,Masculino,15
2018-07-19,Masculino,Femenino,1
2018-07-20,Femenino,Masculino,15
2018-07-20,Femenino,Masculino,12
2018-07-20,Masculino,Femenino,14
2018-07-20,Masculino,Femenino,13
2018-07-20,Masculino,Femenino,3
2018-07-23,Femenino,Femenino,1
2018-07-23,Femenino,Masculino,11
2018-07-23,Femenino,Masculino,11
2018-07-23,Masculino,Femenino,1
2018-07-23,Masculino,Femenino,7
2018-07-23,Masculino,Femenino,1
2018-07-23,Masculino,Femenino,6
2018-07-23,Masculino,Femenino,1
2018-07-23,Masculino,Femenino,8
2018-07-24,Femenino,Masculino,5
2018-07-24,Masculino,Femenino,7
2018-07-24,Masculino,Femenino,13
2018-07-24,Masculino,Femenino,1
2018-07-24,Masculino,Femenino,14
2018-07-24,Masculino,Masculino,1
2018-07-25,Femenino,Femenino,4
2018-07-25,Femenino,Masculino,15
2018-07-25,Femenino,Masculino,7
2018-07-25,Femenino,Masculino,5
2018-07-25,Masculino,Femenino,4
2018-07-25,Masculino,Femenino,13
2018-07-25,Masculino,Femenino,1
2018-07-25,Masculino,Femenino,1
2018-07-25,Masculino,Femenino,1
2018-07-25,Masculino,Femenino,1
2018-07-25,Masculino,Femenino,5
2018-07-26,Masculino,Femenino,6
2018-07-26,Masculino,Femenino,4
2018-07-26,Masculino,Femenino,14
2018-07-27,Masculino,Femenino,6
2018-07-27,Masculino,Femenino,15
2018-07-27,Masculino,Femenino,15
2018-07-27,Masculino,Femenino,14
2018-07-27,No declara,Masculino,12
2018-07-30,Femenino,Masculino,13
2018-07-30,Femenino,Masculino,7
2018-07-30,Masculino,Femenino,2
2018-07-30,Masculino,Femenino,6
2018-07-30,Masculino,Femenino,1
2018-07-30,Masculino,Femenino,1
2018-07-30,Masculino,Femenino,1
2018-07-30,Masculino,Femenino,15
2018-07-30,Masculino,Femenino,8
2018-07-30,Masculino,Femenino,15
2018-07-30,Masculino,Femenino,7
2018-07-30,Masculino,Femenino,14
2018-07-30,Masculino,Femenino,4
2018-07-31,Masculino,Femenino,15
2018-07-31,Masculino,Femenino,1
2018-07-31,Masculino,Femenino,7
2018-07-31,Masculino,Femenino,5
2018-07-31,Masculino,Femenino,12
2018-08-01,Femenino,Femenino,6
2018-08-01,Femenino,Masculino,12
2018-08-01,Masculino,Femenino,2
2018-08-01,Masculino,Femenino,7
2018-08-01,Masculino,Femenino,6
2018-08-01,Masculino,Femenino,11
2018-08-01,Masculino,Femenino,5
2018-08-02,Masculino,Femenino,1
2018-08-03,Femenino,Masculino,13
2018-08-03,Masculino,Femenino,11
2018-08-03,Masculino,Femenino,14
2018-08-06,Femenino,Masculino,7
2018-08-06,Masculino,Femenino,1
2018-08-06,Masculino,Femenino,13
2018-08-06,Masculino,Femenino,1
2018-08-06,Masculino,Femenino,1
2018-08-06,Masculino,Femenino,5
2018-08-06,Masculino,Femenino,7
2018-08-06,Masculino,Femenino,11
2018-08-07,Femenino,Masculino,13
2018-08-07,Femenino,Masculino,7
2018-08-07,Femenino,Masculino,7
2018-08-07,Femenino,Masculino,13
2018-08-07,Masculino,Femenino,11
2018-08-07,Masculino,Femenino,14
2018-08-07,Masculino,Femenino,1
2018-08-07,Masculino,Femenino,12
2018-08-07,Masculino,Femenino,3
2018-08-07,Masculino,Femenino,5
2018-08-07,Masculino,No declara,1
2018-08-08,Femenino,Masculino,12
2018-08-08,Masculino,Femenino,6
2018-08-08,Masculino,Femenino,7
2018-08-08,Masculino,Femenino,1
2018-08-08,Masculino,Femenino,1
2018-08-08,Masculino,Femenino,1
2018-08-08,Masculino,Femenino,4
2018-08-08,Masculino,Femenino,7
2018-08-08,Masculino,Masculino,1
2018-08-09,Femenino,Masculino,5
2018-08-09,Masculino,Femenino,15
2018-08-10,Femenino,Masculino,15
2018-08-10,Femenino,Masculino,15
2018-08-10,Femenino,Masculino,13
2018-08-10,Masculino,Femenino,15
2018-08-10,Masculino,Femenino,12
2018-08-10,Masculino,Femenino,3
2018-08-10,Masculino,Masculino,6
2018-08-13,Femenino,Masculino,13
2018-08-13,Masculino,Femenino,13
2018-08-13,Masculino,Femenino,1
2018-08-13,Masculino,Femenino,11
2018-08-13,Masculino,Femenino,15
2018-08-13,Masculino,Femenino,11
2018-08-13,Masculino,Femenino,2
2018-08-13,Masculino,Femenino,12
2018-08-13,Masculino,Femenino,3
2018-08-13,Masculino,Femenino,1
2018-08-13,Masculino,Masculino,2
2018-08-14,Femenino,Femenino,6
2018-08-14,Femenino,Masculino,13
2018-08-14,Femenino,Masculino,5
2018-08-14,Femenino,Masculino,12
2018-08-14,Masculino,Femenino,6
2018-08-14,Masculino,Femenino,6
2018-08-14,Masculino,Femenino,7
2018-08-14,Masculino,Femenino,1
2018-08-14,Masculino,Femenino,1
2018-08-14,Masculino,Femenino,1
2018-08-14,Masculino,Femenino,11
2018-08-14,Masculino,Femenino,4
2018-08-14,Masculino,Femenino,1
2018-08-14,Masculino,Femenino,11
2018-08-14,Masculino,Femenino,4
2018-08-14,Masculino,Femenino,14
2018-08-14,Masculino,Masculino,1
2018-08-14,Masculino,Masculino,1
2018-08-15,Femenino,Masculino,12
2018-08-15,Masculino,Femenino,7
2018-08-15,Masculino,Femenino,1
2018-08-15,Masculino,Femenino,1
2018-08-15,Masculino,Femenino,11
2018-08-15,Masculino,Femenino,1
2018-08-15,Masculino,Femenino,14
2018-08-15,Masculino,Femenino,12
2018-08-15,Masculino,Masculino,2
2018-08-15,Masculino,Femenino,12
2018-08-16,Masculino,Femenino,6
2018-08-16,Masculino,Femenino,15
2018-08-16,Masculino,Femenino,1
2018-08-16,Masculino,Femenino,4
2018-08-17,Femenino,Masculino,13
2018-08-17,Femenino,Masculino,13
2018-08-17,Masculino,Femenino,6
2018-08-17,Masculino,Femenino,1
2018-08-17,Masculino,Femenino,4
2018-08-21,Femenino,Masculino,5
2018-08-21,Femenino,Masculino,5
2018-08-21,Masculino,Femenino,7
2018-08-21,Masculino,Femenino,7
2018-08-21,Masculino,Femenino,13
2018-08-21,Masculino,Femenino,1
2018-08-21,Masculino,Femenino,1
2018-08-21,Masculino,Femenino,11
2018-08-21,Masculino,Femenino,11
2018-08-21,Masculino,Femenino,12
2018-08-22,Femenino,Masculino,7
2018-08-22,Femenino,Masculino,5
2018-08-22,Femenino,Masculino,5
2018-08-22,Masculino,Femenino,14
2018-08-22,Masculino,Femenino,1
2018-08-22,Masculino,Femenino,1
2018-08-22,Masculino,Femenino,1
2018-08-22,Masculino,Femenino,15
2018-08-22,Masculino,Femenino,6
2018-08-22,Masculino,Femenino,11
2018-08-22,Masculino,Femenino,1
2018-08-22,Masculino,Femenino,1
2018-08-22,Masculino,Femenino,1
2018-08-22,Masculino,Femenino,6
2018-08-22,Masculino,Femenino,6
2018-08-22,Masculino,Femenino,13
2018-08-23,Masculino,Femenino,15
2018-08-23,Masculino,Femenino,14
2018-08-24,Femenino,Masculino,15
2018-08-24,Femenino,Masculino,7
2018-08-24,Masculino,Femenino,15
2018-08-24,Masculino,Femenino,1
2018-08-24,Masculino,Femenino,8
2018-08-24,Masculino,Femenino,13
2018-08-24,Masculino,No declara,1
2018-08-27,Femenino,Masculino,7
2018-08-27,Femenino,Masculino,11
2018-08-27,Femenino,Masculino,11
2018-08-27,Masculino,Femenino,7
2018-08-27,Masculino,Femenino,12
2018-08-27,Masculino,Femenino,1
2018-08-27,Masculino,Femenino,1
2018-08-27,Masculino,Femenino,1
2018-08-27,Masculino,Femenino,3
2018-08-27,Masculino,Femenino,13
2018-08-27,Masculino,Masculino,1
2018-08-28,Femenino,Femenino,11
2018-08-28,Femenino,Masculino,11
2018-08-28,Femenino,Masculino,12
2018-08-28,Masculino,Femenino,1
2018-08-28,Masculino,Femenino,1
2018-08-28,Masculino,Femenino,1
2018-08-28,Masculino,Femenino,1
2018-08-28,Masculino,Femenino,7
2018-08-28,Masculino,Femenino,7
2018-08-28,Masculino,Femenino,7
2018-08-29,Femenino,Masculino,12
2018-08-29,Masculino,Femenino,6
2018-08-29,Masculino,Femenino,15
2018-08-29,Masculino,Femenino,1
2018-08-29,Masculino,Femenino,6
2018-08-29,Masculino,Femenino,1
2018-08-29,Masculino,Femenino,14
2018-08-29,Masculino,Femenino,14
2018-08-29,Masculino,Femenino,1
2018-08-29,Masculino,Femenino,1
2018-08-29,Masculino,Femenino,1
2018-08-29,Masculino,Masculino,7
2018-08-30,Masculino,Masculino,12
2018-08-31,Femenino,Masculino,12
2018-08-31,Femenino,Masculino,15
2018-08-31,Femenino,Masculino,12
2018-08-31,Femenino,Masculino,12
2018-08-31,Masculino,Femenino,15
2018-09-03,Femenino,Masculino,5
2018-09-03,Masculino,Femenino,7
2018-09-03,Masculino,Femenino,1
2018-09-03,Masculino,Femenino,1
2018-09-03,Masculino,Femenino,1
2018-09-03,Masculino,Femenino,4
2018-09-03,Masculino,Femenino,1
2018-09-03,Masculino,Femenino,5
2018-09-03,Masculino,Femenino,13
2018-09-03,Masculino,Masculino,13
2018-09-04,Femenino,Masculino,11
2018-09-04,Femenino,Masculino,12
2018-09-04,Masculino,Femenino,2
2018-09-04,Masculino,Femenino,2
2018-09-04,Masculino,Femenino,1
2018-09-04,Masculino,Femenino,12
2018-09-05,Femenino,Masculino,7
2018-09-05,Femenino,Masculino,12
2018-09-05,Masculino,Femenino,1
2018-09-05,Masculino,Femenino,6
2018-09-05,Masculino,Femenino,1
2018-09-05,Masculino,Femenino,1
2018-09-05,Masculino,Femenino,1
2018-09-05,Masculino,Femenino,1
2018-09-05,Masculino,Femenino,1
2018-09-05,Masculino,Femenino,1
2018-09-05,Masculino,Femenino,12
2018-09-05,Masculino,Masculino,1
2018-09-06,Femenino,Femenino,15
2018-09-06,Masculino,Femenino,6
2018-09-06,Masculino,Femenino,1
2018-09-06,Masculino,Femenino,13
2018-09-06,Masculino,Femenino,13
2018-09-07,Femenino,Masculino,13
2018-09-07,Masculino,Femenino,1
2018-09-07,Masculino,Femenino,11
2018-09-07,Masculino,Femenino,2
2018-09-10,Femenino,Femenino,14
2018-09-10,Masculino,Femenino,6
2018-09-10,Masculino,Femenino,6
2018-09-10,Masculino,Femenino,15
2018-09-10,Masculino,Femenino,11
2018-09-10,Masculino,Femenino,6
2018-09-10,Masculino,Femenino,11
2018-09-10,Masculino,Femenino,1
2018-09-10,Masculino,Femenino,1
2018-09-10,Masculino,Femenino,1
2018-09-10,Masculino,Femenino,4
2018-09-10,Masculino,Femenino,14
2018-09-10,Masculino,Femenino,3
2018-09-10,Masculino,Masculino,11
2018-09-10,Masculino,Masculino,1
2018-09-11,Femenino,Masculino,7
2018-09-11,Femenino,Masculino,7
2018-09-11,Femenino,Masculino,5
2018-09-11,Masculino,Femenino,6
2018-09-11,Masculino,Femenino,8
2018-09-11,Masculino,Femenino,7
2018-09-11,Masculino,Femenino,1
2018-09-11,Masculino,Femenino,13
2018-09-12,Femenino,Masculino,7
2018-09-12,Femenino,Masculino,7
2018-09-12,Femenino,Masculino,7
2018-09-12,Femenino,Masculino,12
2018-09-12,Masculino,Femenino,13
2018-09-12,Masculino,Femenino,1
2018-09-12,Masculino,Femenino,7
2018-09-12,Masculino,Femenino,1
2018-09-12,Masculino,Femenino,7
2018-09-12,Masculino,Femenino,12
2018-09-12,Masculino,Masculino,1
2018-09-13,Femenino,Masculino,11
2018-09-13,Femenino,Masculino,5
2018-09-13,Masculino,Femenino,8
2018-09-13,Masculino,Femenino,6
2018-09-13,Masculino,Femenino,1
2018-09-13,Masculino,Femenino,2
2018-09-13,Masculino,Femenino,4
2018-09-13,Masculino,Femenino,4
2018-09-13,Masculino,Femenino,14
2018-09-13,Masculino,Femenino,12
2018-09-13,Masculino,Masculino,13
2018-09-14,Femenino,Femenino,1
2018-09-14,Femenino,Femenino,13
2018-09-14,Femenino,Femenino,14
2018-09-14,Femenino,Masculino,15
2018-09-14,Femenino,Masculino,13
2018-09-14,Masculino,Femenino,4
2018-09-14,Masculino,Femenino,15
2018-09-14,Masculino,Femenino,1
2018-09-17,Femenino,Masculino,15
2018-09-17,Femenino,Masculino,3
2018-09-17,Femenino,Masculino,7
2018-09-17,Femenino,Masculino,7
2018-09-17,Femenino,Masculino,13
2018-09-17,Masculino,Femenino,1
2018-09-17,Masculino,Femenino,1
2018-09-17,Masculino,Femenino,7
2018-09-17,Masculino,Femenino,8
2018-09-17,Masculino,Femenino,7
2018-09-18,Femenino,Masculino,15
2018-09-18,Femenino,Masculino,15
2018-09-18,Masculino,Femenino,7
2018-09-18,Masculino,Femenino,1
2018-09-18,Masculino,Femenino,1
2018-09-18,Masculino,Femenino,1
2018-09-18,Masculino,Femenino,1
2018-09-19,Femenino,Masculino,11
2018-09-19,Femenino,Masculino,11
2018-09-19,Femenino,Masculino,13
2018-09-19,Masculino,Femenino,6
2018-09-19,Masculino,Femenino,6
2018-09-19,Masculino,Femenino,7
2018-09-19,Masculino,Femenino,14
2018-09-19,Masculino,Femenino,7
2018-09-19,Masculino,Femenino,1
2018-09-20,Masculino,Femenino,15
2018-09-21,Femenino,Masculino,3
2018-09-21,Masculino,Femenino,3
2018-09-21,Masculino,Femenino,14
2018-09-21,Masculino,Femenino,12
2018-09-21,Masculino,Femenino,14
2018-09-24,Femenino,Masculino,3
2018-09-24,Masculino,Femenino,6
2018-09-24,Masculino,Femenino,2
2018-09-24,Masculino,Femenino,6
2018-09-24,Masculino,Femenino,5
2018-09-24,Masculino,Femenino,7
2018-09-24,Masculino,Femenino,1
2018-09-24,Masculino,No declara,1
2018-09-25,Masculino,Femenino,1
2018-09-25,Masculino,Femenino,1
2018-09-25,Masculino,No declara,1
2018-09-26,Femenino,Femenino,7
2018-09-26,Masculino,Femenino,11
2018-09-26,Masculino,Femenino,1
2018-09-26,Masculino,Femenino,7
2018-09-26,Masculino,Femenino,12
2018-09-26,Masculino,Femenino,1
2018-09-26,Masculino,Femenino,1
2018-09-26,Masculino,Femenino,4
2018-09-26,Masculino,Femenino,7
2018-09-26,Masculino,Femenino,1
2018-09-26,Masculino,Femenino,1
2018-09-26,Masculino,Femenino,14
2018-09-26,Masculino,Femenino,8
2018-09-26,Masculino,Femenino,1
2018-09-27,Femenino,Masculino,12
2018-09-27,Masculino,Femenino,6
2018-09-27,Masculino,Femenino,15
2018-09-27,Masculino,Femenino,13
2018-09-27,Masculino,Femenino,4
2018-09-27,Masculino,Femenino,1
2018-09-27,Masculino,Femenino,14
2018-09-27,Masculino,Femenino,14
2018-09-28,Masculino,Femenino,3
2018-09-28,Masculino,Femenino,1
2018-10-01,Femenino,Masculino,11
2018-10-01,Femenino,Masculino,11
2018-10-01,Femenino,Masculino,7
2018-10-01,Femenino,Masculino,1
2018-10-01,Masculino,Femenino,4
2018-10-01,Masculino,Femenino,13
2018-10-01,Masculino,Femenino,14
2018-10-01,Masculino,Femenino,14
2018-10-01,Masculino,Femenino,1
2018-10-01,Masculino,Femenino,1
2018-10-01,Masculino,Femenino,1
2018-10-01,Masculino,Femenino,1
2018-10-02,Femenino,Masculino,5
2018-10-02,Masculino,Femenino,7
2018-10-02,Masculino,Femenino,1
2018-10-02,Masculino,Femenino,7
2018-10-02,Masculino,Femenino,13
2018-10-02,Masculino,Femenino,13
2018-10-02,Masculino,Femenino,1
2018-10-02,Masculino,Femenino,1
2018-10-02,Masculino,Femenino,1
2018-10-02,Masculino,Femenino,1
2018-10-03,Femenino,Masculino,5
2018-10-03,Masculino,Femenino,6
2018-10-03,Masculino,Femenino,7
2018-10-03,Masculino,Femenino,2
2018-10-03,Masculino,Femenino,13
2018-10-03,Masculino,Femenino,14
2018-10-03,Masculino,Femenino,1
2018-10-03,Masculino,Femenino,1
2018-10-03,Masculino,Femenino,2
2018-10-04,Femenino,Masculino,13
2018-10-04,Masculino,Femenino,13
2018-10-04,Masculino,Femenino,15
2018-10-04,Masculino,Femenino,1
2018-10-04,Masculino,Femenino,4
2018-10-04,Masculino,Femenino,12
2018-10-04,Masculino,Femenino,2
2018-10-05,Femenino,Masculino,12
2018-10-05,Masculino,Femenino,1
2018-10-05,Masculino,Femenino,13
2018-10-05,Masculino,Femenino,1
2018-10-05,Masculino,Femenino,14
2018-10-08,Femenino,Masculino,12
2018-10-08,Masculino,Femenino,1
2018-10-08,Masculino,Femenino,7
2018-10-08,Masculino,Femenino,3
2018-10-08,Masculino,Femenino,7
2018-10-08,Masculino,Femenino,1
2018-10-08,Masculino,Femenino,12
2018-10-08,Masculino,Femenino,8
2018-10-08,Masculino,Femenino,1
2018-10-08,Masculino,Femenino,15
2018-10-09,Femenino,Masculino,5
2018-10-09,Masculino,Femenino,6
2018-10-09,Masculino,Femenino,6
2018-10-09,Masculino,Femenino,14
2018-10-09,Masculino,Femenino,3
2018-10-09,Masculino,Femenino,5
2018-10-09,Masculino,Femenino,1
2018-10-09,Masculino,Femenino,1
2018-10-10,Femenino,Femenino,1
2018-10-10,Femenino,Masculino,7
2018-10-10,Femenino,Masculino,7
2018-10-10,Masculino,Femenino,14
2018-10-10,Masculino,Femenino,1
2018-10-10,Masculino,Femenino,1
2018-10-11,Masculino,Femenino,2
2018-10-11,Masculino,Femenino,8
2018-10-11,Masculino,Femenino,14
2018-10-11,Masculino,Femenino,14
2018-10-12,Femenino,Masculino,13
2018-10-12,Femenino,Masculino,3
2018-10-12,Femenino,Masculino,15
2018-10-12,Masculino,Femenino,14
2018-10-12,Masculino,Femenino,11
2018-10-12,Masculino,Femenino,15
2018-10-12,Masculino,Femenino,12
2018-10-12,Masculino,Femenino,4
2018-10-12,Masculino,Femenino,8
2018-10-16,Femenino,Masculino,7
2018-10-16,Femenino,Masculino,7
2018-10-16,Masculino,Femenino,7
2018-10-16,Masculino,Femenino,11
2018-10-16,Masculino,Femenino,7
2018-10-16,Masculino,Femenino,1
2018-10-16,Masculino,Femenino,7
2018-10-16,Masculino,Femenino,3
2018-10-16,Masculino,Femenino,13
2018-10-16,Masculino,Femenino,12
2018-10-16,Masculino,Femenino,1
2018-10-17,Femenino,Masculino,3
2018-10-17,Femenino,Masculino,7
2018-10-17,Femenino,Masculino,5
2018-10-17,Masculino,Femenino,6
2018-10-17,Masculino,Femenino,6
2018-10-17,Masculino,Femenino,1
2018-10-17,Masculino,Femenino,13
2018-10-18,Masculino,Femenino,6
2018-10-18,Masculino,Femenino,14
2018-10-19,Masculino,Femenino,13
2018-10-19,Masculino,Femenino,13
2018-10-19,Masculino,Masculino,14
2018-10-22,Masculino,Femenino,15
2018-10-22,Masculino,Femenino,1
2018-10-22,Masculino,Femenino,15
2018-10-22,Masculino,Femenino,1
2018-10-22,Masculino,Femenino,7
2018-10-22,Masculino,Femenino,14
2018-10-22,Masculino,Femenino,7
2018-10-22,Masculino,Femenino,13
2018-10-22,Masculino,Femenino,4
2018-10-22,Masculino,Femenino,13
2018-10-22,Masculino,Femenino,13
2018-10-22,Masculino,Femenino,5
2018-10-22,Masculino,Femenino,12
2018-10-22,Masculino,Masculino,15
2018-10-23,Femenino,Femenino,15
2018-10-23,Femenino,Masculino,15
2018-10-23,Masculino,Femenino,6
2018-10-23,Masculino,Femenino,6
2018-10-23,Masculino,Femenino,6
2018-10-23,Masculino,Femenino,1
2018-10-23,Masculino,Femenino,3
2018-10-23,Masculino,Femenino,14
2018-10-23,Masculino,Femenino,14
2018-10-24,Femenino,Masculino,11
2018-10-24,Femenino,Masculino,7
2018-10-24,Masculino,Femenino,11
2018-10-24,Masculino,Femenino,15
2018-10-24,Masculino,Femenino,7
2018-10-24,Masculino,Femenino,7
2018-10-24,Masculino,Femenino,1
2018-10-24,Masculino,Femenino,5
2018-10-25,Femenino,Masculino,12
2018-10-25,Masculino,Femenino,14
2018-10-26,Femenino,Femenino,13
2018-10-26,Femenino,Masculino,12
2018-10-26,Masculino,Femenino,13
2018-10-29,Femenino,Masculino,11
2018-10-29,Femenino,Masculino,7
2018-10-29,Femenino,Masculino,7
2018-10-29,Femenino,Masculino,12
2018-10-29,Femenino,Masculino,12
2018-10-29,Masculino,Femenino,1
2018-10-29,Masculino,Femenino,1
2018-10-29,Masculino,Femenino,14
2018-10-29,Masculino,Femenino,4
2018-10-29,Masculino,Femenino,13
2018-10-29,Masculino,Masculino,5
2018-10-30,Femenino,Femenino,6
2018-10-30,Femenino,Femenino,6
2018-10-30,Femenino,Femenino,13
2018-10-30,Femenino,Masculino,11
2018-10-30,Masculino,Femenino,6
2018-10-30,Masculino,Femenino,11
2018-10-30,Masculino,Femenino,11
2018-10-30,Masculino,Femenino,7
2018-10-30,Masculino,Femenino,7
2018-10-31,Femenino,Masculino,7
2018-10-31,Femenino,Masculino,12
2018-10-31,Masculino,Femenino,1
2018-10-31,Masculino,Femenino,6
2018-10-31,Masculino,Femenino,3
2018-10-31,Masculino,Femenino,1
2018-10-31,Masculino,Femenino,7
2018-10-31,Masculino,Femenino,5
2018-10-31,Masculino,Femenino,8
2018-10-31,Masculino,Femenino,3
2018-10-31,Masculino,Femenino,8
2018-11-01,Femenino,Femenino,4
2018-11-01,Femenino,Femenino,12
2018-11-01,Femenino,Masculino,3
2018-11-01,Masculino,Femenino,14
2018-11-01,Masculino,Femenino,4
2018-11-01,Masculino,Femenino,7
2018-11-01,Masculino,Femenino,4
2018-11-01,Masculino,Femenino,12
2018-11-02,Masculino,Femenino,13
2018-11-02,Masculino,Femenino,13
2018-11-02,Masculino,No declara,13
2018-11-05,Femenino,Masculino,7
2018-11-05,Femenino,Masculino,12
2018-11-05,Masculino,Femenino,1
2018-11-05,Masculino,Femenino,1
2018-11-05,Masculino,Femenino,1
2018-11-05,Masculino,Femenino,7
2018-11-05,Masculino,Femenino,4
2018-11-05,Masculino,Femenino,5
2018-11-05,Masculino,Femenino,13
2018-11-05,Masculino,Femenino,2
2018-11-06,Masculino,Femenino,6
2018-11-06,Masculino,Femenino,3
2018-11-06,Masculino,Femenino,13
2018-11-06,Masculino,Femenino,13
2018-11-06,Masculino,Femenino,14
2018-11-06,Masculino,Masculino,14
2018-11-07,Masculino,Femenino,6
2018-11-07,Masculino,Femenino,1
2018-11-07,Masculino,Femenino,13
2018-11-07,Masculino,Femenino,1
2018-11-07,Masculino,Masculino,14
2018-11-08,Femenino,Masculino,4
2018-11-08,Masculino,Femenino,15
2018-11-08,Masculino,Femenino,3
2018-11-08,Masculino,Femenino,1
2018-11-08,Masculino,Femenino,14
2018-11-09,Masculino,Femenino,1
2018-11-09,Masculino,Femenino,3
2018-11-09,Masculino,Masculino,14
2018-11-12,Femenino,Femenino,4
2018-11-12,Femenino,Masculino,7
2018-11-12,Femenino,Masculino,11
2018-11-12,Masculino,Femenino,7
2018-11-12,Masculino,Femenino,1
2018-11-12,Masculino,Femenino,1
2018-11-12,Masculino,Femenino,14
2018-11-12,Masculino,Femenino,11
2018-11-12,Masculino,Femenino,14
2018-11-12,Masculino,Femenino,13
2018-11-12,Masculino,Femenino,13
2018-11-12,Masculino,Femenino,14
2018-11-12,Masculino,Femenino,14
2018-11-12,Masculino,Masculino,1
2018-11-13,Masculino,Femenino,2
2018-11-13,Masculino,Femenino,1
2018-11-13,Masculino,Femenino,13
2018-11-13,Masculino,Femenino,1
2018-11-13,No declara,Femenino,13
2018-11-14,Femenino,Masculino,11
2018-11-14,Masculino,Femenino,1
2018-11-14,Masculino,Femenino,6
2018-11-14,Masculino,Femenino,15
2018-11-14,Masculino,Femenino,7
2018-11-14,Masculino,Femenino,1
2018-11-14,Masculino,Femenino,14
2018-11-14,Masculino,Femenino,8
2018-11-14,Masculino,Femenino,1
2018-11-14,Masculino,Masculino,1
2018-11-14,Masculino,Masculino,1
2018-11-15,Femenino,Masculino,7
2018-11-15,Masculino,Femenino,11
2018-11-16,Femenino,Masculino,3
2018-11-16,Femenino,Masculino,13
2018-11-16,Masculino,Femenino,2
2018-11-16,Masculino,Femenino,13
2018-11-16,Masculino,Femenino,14
2018-11-16,Masculino,Masculino,2
2018-11-20,Femenino,Femenino,15
2018-11-20,Femenino,Masculino,7
2018-11-20,Masculino,Femenino,11
2018-11-20,Masculino,Femenino,2
2018-11-20,Masculino,Femenino,11
2018-11-20,Masculino,Femenino,5
2018-11-20,Masculino,Femenino,4
2018-11-20,Masculino,Femenino,1
2018-11-20,Masculino,Femenino,1
2018-11-20,Masculino,Femenino,5
2018-11-20,Masculino,Femenino,1
2018-11-20,Masculino,Femenino,2
2018-11-21,Femenino,Masculino,7
2018-11-21,Femenino,Masculino,7
2018-11-21,Masculino,Femenino,6
2018-11-21,Masculino,Femenino,1
2018-11-21,Masculino,Femenino,1
2018-11-21,Masculino,Femenino,14
2018-11-21,Masculino,Femenino,6
2018-11-21,Masculino,Femenino,13
2018-11-21,Masculino,Femenino,1
2018-11-21,Masculino,Femenino,1
2018-11-21,Masculino,Femenino,13
2018-11-21,Masculino,Femenino,2
2018-11-21,Masculino,Masculino,11
2018-11-22,Masculino,Femenino,4
2018-11-22,Masculino,Femenino,4
2018-11-22,Masculino,Femenino,3
2018-11-22,Masculino,Femenino,2
2018-11-22,Masculino,Femenino,13
2018-11-22,Masculino,Femenino,13
2018-11-22,Masculino,Femenino,13
2018-11-22,Masculino,Femenino,4
2018-11-23,Masculino,Femenino,6
2018-11-23,Masculino,Femenino,13
2018-11-26,Masculino,Femenino,4
2018-11-26,Masculino,Femenino,1
2018-11-26,Masculino,Femenino,13
2018-11-27,Femenino,Masculino,15
2018-11-27,Femenino,Masculino,7
2018-11-27,Masculino,Femenino,6
2018-11-27,Masculino,Femenino,1
2018-11-27,Masculino,Femenino,1
2018-11-27,Masculino,Femenino,1
2018-11-27,Masculino,Femenino,8
2018-11-27,Masculino,Femenino,1
2018-11-28,Femenino,Masculino,12
2018-11-28,Masculino,Femenino,6
2018-11-28,Masculino,Femenino,1
2018-11-28,Masculino,Femenino,1
2018-11-28,Masculino,Femenino,1
2018-11-28,Masculino,Femenino,7
2018-11-28,Masculino,Femenino,1
2018-11-28,Masculino,Femenino,14
2018-11-28,Masculino,Femenino,7
2018-11-28,Masculino,Femenino,13
2018-11-28,Masculino,Femenino,11
2018-11-28,Masculino,Femenino,1
2018-11-29,Masculino,Femenino,13
2018-11-29,Masculino,Femenino,13
2018-11-29,Masculino,Femenino,8
2018-11-29,Masculino,Femenino,12
2018-12-03,Femenino,Masculino,11
2018-12-03,Masculino,Femenino,4
2018-12-03,Masculino,Femenino,15
2018-12-03,Masculino,Femenino,11
2018-12-03,Masculino,Femenino,14
2018-12-03,Masculino,Femenino,7
2018-12-03,Masculino,Femenino,1
2018-12-03,Masculino,Masculino,6
2018-12-03,Masculino,Masculino,7
2018-12-04,Femenino,Masculino,5
2018-12-04,Masculino,Femenino,1
2018-12-04,Masculino,Femenino,14
2018-12-04,Masculino,Femenino,13
2018-12-04,Masculino,Femenino,4
2018-12-04,Masculino,Femenino,4
2018-12-04,Masculino,Femenino,1
2018-12-04,Masculino,Femenino,1
2018-12-04,Masculino,Femenino,7
2018-12-04,Masculino,Femenino,11
2018-12-04,Masculino,Femenino,11
2018-12-04,Masculino,Femenino,1
2018-12-04,Masculino,Masculino,1
2018-12-05,Femenino,Femenino,14
2018-12-05,Femenino,Masculino,12
2018-12-05,Masculino,Femenino,15
2018-12-05,Masculino,Femenino,14
2018-12-05,Masculino,Femenino,14
2018-12-05,Masculino,Femenino,1
2018-12-05,Masculino,Femenino,1
2018-12-05,Masculino,Femenino,7
2018-12-05,Masculino,Femenino,11
2018-12-06,Masculino,Femenino,15
2018-12-06,Masculino,Femenino,13
2018-12-06,Masculino,Femenino,1
2018-12-06,Masculino,Femenino,1
2018-12-06,Masculino,Femenino,13
2018-12-06,Masculino,Femenino,
2018-12-06,Masculino,Masculino,6
2018-12-07,Masculino,Femenino,13
2018-12-10,Femenino,Masculino,15
2018-12-10,Masculino,Femenino,6
2018-12-10,Masculino,Femenino,1
2018-12-10,Masculino,Femenino,14
2018-12-10,Masculino,Femenino,13
2018-12-10,Masculino,Femenino,1
2018-12-10,Masculino,Femenino,1
2018-12-10,Masculino,Femenino,4
2018-12-11,Femenino,Masculino,15
2018-12-11,Masculino,Femenino,6
2018-12-11,Masculino,Femenino,6
2018-12-11,Masculino,Femenino,2
2018-12-11,Masculino,Femenino,1
2018-12-11,Masculino,Femenino,1
2018-12-12,Femenino,Masculino,15
2018-12-12,Masculino,Femenino,1
2018-12-12,Masculino,Femenino,8
2018-12-13,Femenino,Masculino,7
2018-12-13,Masculino,Femenino,6
2018-12-13,Masculino,Femenino,2
2018-12-13,Masculino,Femenino,3
2018-12-14,Femenino,Masculino,15
2018-12-14,Femenino,Masculino,3
2018-12-14,Masculino,Femenino,14
2018-12-14,Masculino,Femenino,14
2018-12-17,Femenino,Masculino,15
2018-12-17,Masculino,Femenino,2
2018-12-17,Masculino,Femenino,14
2018-12-17,Masculino,Femenino,7
2018-12-17,Masculino,Femenino,1
2018-12-17,Masculino,Femenino,8
2018-12-18,Femenino,Masculino,5
2018-12-18,Femenino,Masculino,5
2018-12-18,Femenino,Masculino,7
2018-12-18,Masculino,Femenino,6
2018-12-18,Masculino,Femenino,6
2018-12-18,Masculino,Femenino,5
2018-12-18,Masculino,Femenino,7
2018-12-18,Masculino,Femenino,7
2018-12-18,Masculino,Femenino,1
2018-12-18,Masculino,Femenino,14
2018-12-19,Masculino,Femenino,7
2018-12-19,Masculino,Femenino,1
2018-12-19,Masculino,Masculino,6
2018-12-19,Femenino,Masculino,7
2018-12-19,Masculino,Femenino,15
2018-12-19,Masculino,Femenino,13
2018-12-19,Masculino,Femenino,11
2018-12-19,Masculino,Femenino,11
2018-12-19,Masculino,Femenino,4
2018-12-19,Masculino,Femenino,5
2018-12-19,Masculino,Femenino,14
2018-12-19,Masculino,Femenino,12
2018-12-20,Masculino,Femenino,15
2018-12-20,Masculino,Femenino,7
2018-12-20,Femenino,Masculino,12
2018-12-20,Masculino,Femenino,13
2018-12-21,Masculino,Femenino,4
2018-12-21,Femenino,Masculino,7
2018-12-21,Masculino,Femenino,12
2018-12-26,Femenino,Masculino,15
2018-12-26,Masculino,Femenino,1
2018-12-26,Masculino,Femenino,2
2018-12-26,Masculino,Femenino,13
2018-12-27,Masculino,Femenino,14
2018-12-27,Femenino,Masculino,7
2018-12-27,Masculino,Femenino,2
